Bethany,Nancie,iliassdasdsal@aol.com,1,4/6/1997,Valluvar Colony,Tuty,636014,password1,TRUE
Marc,Michale,uncled@msn.com,2,4/6/1997,Valluvar Colony,Chennai,654812,password2,FALSE
Gennie,Mamie,niknejad@yahoo.com,3,4/6/1997,Valluvar Colony,Salem,681216,password3,TRUE
Glynis,Renita,engelen@att.net,4,4/6/1997,APC,Pondy,614514,password4,FALSE
Judi,Eleonora,conteb@live.com,5,4/6/1997,Valluvar Colony,Tuty,637115,password5,TRUE
Ward,Bettyann,dmiller@aol.com,6,4/6/1997,APC,Chennai,654654,password6,FALSE
Erik,Valery,fallorn@yahoo.com,7,4/6/1997,Valluvar Colony,Salem,321321,password7,TRUE
Dee,Carey,codex@aol.com,8,4/6/1997,APC,Pondy,654654,password8,FALSE
Victoria,Allison,fmerges@mac.com,9,4/6/1997,Valluvar Colony,Tuty,321321,password9,TRUE
Percy,Lyda,openldap@aol.com,10,4/6/1997,APC,Chennai,987987,password10,FALSE
Stephane,Tonya,paulv@hotmail.com,11,4/6/1997,Valluvar Colony,Salem,321321,password11,TRUE
Yuki,Verla,carreras@hotmail.com,12,4/6/1997,APC,Pondy,654654,password12,FALSE
Winona,Mira,singer@yahoo.com,13,4/6/1997,Valluvar Colony,Tuty,321321,password13,TRUE
Tod,Lora,kannan@hotmail.com,14,4/6/1997,APC,Chennai,654654,password14,FALSE
Lulu,Margorie,bester@gmail.com,15,4/6/1997,Valluvar Colony,Salem,321321,password15,TRUE
Marnie,Mohammed,hager@outlook.com,16,4/6/1997,APC,Pondy,654654,password16,FALSE
Lakiesha,Dorthey,rnewman@hotmail.com,17,4/6/1997,Valluvar Colony,Tuty,321321,password17,TRUE
Merideth,Madaline,noahb@aol.com,18,4/6/1997,APC,Chennai,98987,password18,FALSE
Pearlene,Duncan,jamuir@att.net,19,4/6/1997,Valluvar Colony,Salem,321321,password19,TRUE
Yuriko,Sage,fukuchi@comcast.net,20,4/6/1997,APC,Pondy,987,password20,FALSE
Mazie,Winnie,tbeck@msn.com,21,4/6/1997,Valluvar Colony,Tuty,651,password21,TRUE
Minta,Olinda,anicolao@yahoo.ca,22,4/6/1997,APC,Chennai,984,password22,FALSE